<pattern>
  <item>de nouvelles restrictions sanitaires</item>
  <item>les autres parties prenantes</item>
  <item>de nombreux obstacles juridiques</item>
  <item>une forte hausse d’impôts</item>
  <item>Le premier ministre tchèque</item>
  <item>une nouvelle restriction sanitaire</item>
  <item>une importante flambée épidémique</item>
  <item>la nouvelle génération djihadiste</item>
  <item>Les principaux sites pornographiques</item>
  <item>les toutes prochaines semaines</item>
  <item>les centrales nucléaires françaises</item>
  <item>Le premier ministre canadien</item>
  <item>la Financière immobilière bordelaise</item>
  <item>de nombreuses bases militaires</item>
  <item>d’une jeune femme inconnue</item>
  <item>d’une simple diminution conjoncturelle</item>
  <item>le meilleur espoir masculin</item>
  <item>Les nouvelles règles édictées</item>
  <item>d’un jeune mafieux marseillais</item>
  <item>un premier succès d’ampleur</item>
  <item>le rêve contrarié d’un</item>
  <item>les anciens modèles économiques</item>
  <item>les principaux commandants militaires</item>
  <item>Les nouvelles règles applicables</item>
  <item>la quatrième zone humide</item>
  <item>le meilleur article financier</item>
  <item>la première année qu’un</item>
  <item>la seconde guerre mondiale</item>
  <item>le petit magasin idéologique</item>
  <item>le nouveau président élu</item>
  <item>le premier exercice militaire</item>
  <item>La célèbre marque s’inquiète</item>
  <item>Un important trafic d’armes</item>
  <item>d’un dernier tir debout</item>
  <item>une prétendue dérive fasciste</item>
  <item>le premier port négrier</item>
  <item>les grands studios hollywoodiens</item>
  <item>un troisième confinement débute</item>
  <item>la seconde guerre mondiale</item>
  <item>un nouveau tchat mensuel</item>
  <item>d’un troisième confinement national</item>
  <item>les premiers marqueurs écologistes</item>
  <item>le premier maraîcher bio</item>
  <item>les principaux partis nationaux</item>
  <item>Le premier ministre britannique</item>
  <item>son ancien conseiller spécial</item>
  <item>une immense zone capable</item>
  <item>le premier ministre tchèque</item>
  <item>les grands secteurs émetteurs</item>
  <item>la seconde guerre mondiale</item>
  <item>La puissante formation originaire</item>
  <item>De nombreux commerçants ambulants</item>
  <item>Le premier ministre britannique</item>
  <item>Le premier ministre pakistanais</item>
  <item>qu’une grosse pleine lune</item>
  <item>la première femme syndicaliste</item>
  <item>les méthodes d’actions terroristes</item>
  <item>Le premier ministre grec</item>
  <item>les anciens sites d’essais</item>
  <item>un nouveau rendez-vous mensuel</item>
  <item>le nouveau protocole sanitaire</item>
  <item>de nouveaux tags racistes</item>
  <item>la haute fonction publique</item>
  <item>de graves effets secondaires</item>
  <item>les nouvelles restrictions sanitaires</item>
  <item>Un nouveau calendrier scolaire</item>
  <item>un grand succès populaire</item>
  <item>la grande mobilité électorale</item>
  <item>leur troisième trophée d’affilée</item>
  <item>2 000 nouveaux cas quotidiens</item>
  <item>Le vice-premier ministre affirme</item>
  <item>la prochaine politique agricole</item>
  <item>la première guerre mondiale</item>
  <item>de nombreuses actrices hollywoodiennes</item>
  <item>cette 93e édition particulière</item>
  <item>une nouvelle école privée</item>
  <item>la haute fonction publique</item>
  <item>un nouveau variant découvert</item>
  <item>d’un nouveau protocole sanitaire</item>
  <item>une vaste affaire politico-affairiste</item>
  <item>de nouveaux standards parisiens</item>
  <item>le nouveau directeur général</item>
  <item>une timide reprise cet</item>
  <item>Un haut responsable israélien</item>
  <item>le fameux musée londonien</item>
  <item>la grande prière musulmane</item>
  <item>le premier théâtre privé</item>
  <item>le premier vaccin chinois</item>
  <item>La première division féminine</item>
  <item>les potentielles retombées économiques</item>
  <item>la cinquième région agricole</item>
  <item>le dernier d’une longue</item>
  <item>le nouveau régime disciplinaire</item>
  <item>de nouveaux parlements régionaux</item>
  <item>le Haut Conseil islamique</item>
  <item>les principaux dirigeants calédoniens</item>
  <item>de graves criminels étrangers</item>
  <item>une deuxième année blanche</item>
  <item>la deuxième place derrière</item>
  <item>un important dispositif policier</item>
  <item>une fausse offensive terrestre</item>
  <item>qu’une seule session nocturne</item>
  <item>les nouveaux alliés arabes</item>
  <item>la seconde guerre mondiale</item>
  <item>La nouvelle dynamique géopolitique</item>
  <item>la haute fonction publique</item>
  <item>leur prochain chef spirituel</item>
  <item>une double crise diplomatique</item>
  <item>les grands problèmes géopolitiques</item>
  <item>le futur champ offshore</item>
  <item>une future reprise économique</item>
  <item>la Cinquième Avenue rêve</item>
  <item>la célèbre statuette dorée</item>
  <item>un nouveau confinement général</item>
  <item>d’un véritable phénomène culinaire</item>
  <item>le petit parti centriste</item>
  <item>le grand rassemblement annuel</item>
  <item>de nombreux dossiers sensibles</item>
  <item>le premier ministre israélien</item>
  <item>le même commerce souterrain</item>
  <item>les Caisses d’allocations familiales</item>
  <item>Un mystérieux collectionneur d’art</item>
  <item>la seule offre possible</item>
  <item>La première organisation syndicale</item>
  <item>le célèbre site culturel</item>
  <item>un premier cap crucial</item>
  <item>les grandes filières agricoles</item>
  <item>Cette nouvelle rubrique raconte</item>
  <item>un vrai dilemme éthique</item>
  <item>son premier vol commercial</item>
  <item>Le deuxième pollueur mondial</item>
  <item>le 51e Etat américain</item>
  <item>leur première réunion virtuelle</item>
  <item>les autres épidémies hivernales</item>
  <item>les romanciers d’origine asiatique</item>
  <item>la seconde guerre mondiale</item>
  <item>le double jeu chinois</item>
  <item>une filière d’alimentation bio</item>
  <item>d’une filière d’alimentation bio</item>
  <item>Le premier ministre israélien</item>
  <item>le duo électro culte</item>
  <item>le Nouvel An chinois</item>
  <item>un certain ordre genré</item>
  <item>la seule police nationale</item>
  <item>le nouveau pouvoir afghan</item>
  <item>les 70e Grands Prix</item>
  <item>le troisième rang mondial</item>
  <item>une période d’instabilité ouverte</item>
  <item>de nombreuses étoiles filantes</item>
  <item>un deuxième titre mondial</item>
  <item>de nombreuses zones d’ombre</item>
  <item>les habituels cercles écolos</item>
  <item>d’une nouvelle page politique</item>
  <item>Le dernier président blanc</item>
  <item>Une nouvelle étude américaine</item>
  <item>d’un bon œil tout</item>
  <item>sa première marionnette asiatique</item>
  <item>marionnette américaine d’origine coréenne</item>
  <item>un nouveau média numérique</item>
  <item>le complexe protocole nord-irlandais</item>
  <item>le grand cru d’Orelsan</item>
  <item>une grave crise sociale</item>
  <item>le premier ministre britannique</item>
  <item>la pire crise humanitaire</item>
  <item>une nouvelle lourde défaite</item>
  <item>le premier partenaire économique</item>
  <item>une lanceuse d’alerte seule</item>
  <item>le quatrième lieu culturel</item>
  <item>le premier ministre nationaliste</item>
  <item>la première fédération internationale</item>
  <item>la première femme noire</item>
  <item>riverains d’un parc éolien</item>
  <item>Le premier ministre indien</item>
  <item>ces lieux d’emprunt d’œuvres</item>
  <item>le deuxième pays européen</item>
  <item>le premier ministre britannique</item>
  <item>les grandes stations voisines</item>
  <item>la Politique agricole commune</item>
  <item>Ces nouvelles mesures sanitaires</item>
  <item>le petit atelier romain</item>
  <item>le fragile équilibre habituel</item>
  <item>le courant juif libéral</item>
  <item>un haut responsable chinois</item>
  <item>une première action nationale</item>
  <item>les grands récits idéologiques</item>
  <item>une grave crise économique</item>
  <item>la ligue féminine nord-américaine</item>
  <item>ce grand format numérique</item>
  <item>La grande cantatrice slovaque</item>
  <item>le célèbre jeu vidéo</item>
  <item>ses blagues jugées transphobes</item>
  <item>les principaux carburants routiers</item>
  <item>Le premier ministre sortant</item>
  <item>d’un immense ras-le-bol populaire</item>
  <item>de maigres concessions d’Israël</item>
  <item>un nouveau venu républicain</item>
  <item>les politiques s’en emparent</item>
  <item>un possible test chinois</item>
  <item>un nouveau bilan annoncé</item>
  <item>les stages d’autodéfense physique</item>
  <item>la même reconnaissance posthume</item>
  <item>Le premier ministre tchèque</item>
  <item>un premier titre français</item>
  <item>un double prix Nobel</item>
  <item>une nouvelle réforme monétaire</item>
  <item>la première victime enregistrée</item>
  <item>le premier producteur mondial</item>
  <item>son ancienne famille politique</item>
  <item>La nouvelle directrice générale-gérante</item>
  <item>d’une nouvelle révolution culturelle</item>
  <item>la nouvelle loi fondamentale</item>
  <item>la célèbre place londonienne</item>
  <item>le logiciel espion Pegasus</item>
  <item>de nouvelles restrictions locales</item>
  <item>Cette nouvelle tragédie migratoire</item>
  <item>la première ville sainte</item>
  <item>le premier ministre irakien</item>
  <item>leur feu vert politique</item>
  <item>d’une grande réforme fiscale</item>
  <item>d’un troisième titre olympique</item>
  <item>Les nombreuses campagnes massives</item>
  <item>la première bioprothèse autonome</item>
  <item>Une nouvelle stratégie européenne</item>
  <item>un troisième championnat européen</item>
  <item>leur feu vert politique</item>
  <item>d’une grande réforme fiscale</item>
  <item>plusieurs ventes frauduleuses d’œuvres</item>
  <item>la seconde guerre mondiale</item>
  <item>le principal parti parlementaire</item>
  <item>la cible d’une attaque</item>
  <item>de nouvelles capacités industrielles</item>
  <item>le visionnaire altruiste évincé</item>
  <item>le logiciel espion Pegasus</item>
  <item>d’un gigantesque ouvrage inquiète</item>
  <item>d’une quatrième vague rapide</item>
  <item>d’une longue quête technologique</item>
  <item>la seconde guerre mondiale</item>
  <item>de nombreux attentats sanglants</item>
  <item>la principale agence sanitaire</item>
  <item>le dernier Festival international</item>
  <item>les ingérences d’Etats étrangers</item>
  <item>la première médaille olympique</item>
  <item>le premier escrimeur masculin</item>
  <item>la juste réponse pénale</item>
  <item>De nombreuses zones d’ombre</item>
  <item>la première édition japonaise</item>
  <item>le dernier pari d’Emmanuel</item>
  <item>la prochaine élection présidentielle</item>
  <item>une politique d’asphyxie économique</item>
  <item>le cinquième constructeur automobile</item>
  <item>la prochaine élection présidentielle</item>
  <item>le premier ministre géorgien</item>
  <item>la séduisante équipe mexicaine</item>
  <item>une triple fracture vaccinale</item>
  <item>un éventuel débat public</item>
  <item>un futur sommet mondial</item>
  <item>De nombreux streameurs français</item>
  <item>les dernières troupes américaines</item>
  <item>le blanc davantage présents</item>
  <item>Le premier ministre sortant</item>
  <item>la première puissance économique</item>
  <item>le nouvel exécutif écologiste</item>
  <item>la seconde guerre mondiale</item>
  <item>de nouveaux habitants désireux</item>
  <item>la cible d’intimidations violentes</item>
  <item>un nouveau protocole sanitaire</item>
  <item>leur nouveau partenariat stratégique</item>
  <item>une grave crise économique</item>
  <item>de nombreuses catastrophes naturelles</item>
  <item>d’une intense activité sismique</item>
  <item>d’une nouvelle indication géographique</item>
  <item>le nouveau texte prévoit</item>
  <item>le nouveau plan social</item>
  <item>les principaux groupes français</item>
  <item>le nouveau Parlement allemand</item>
  <item>la bonne ligne politique</item>
  <item>le nouveau gouvernement taliban</item>
  <item>le nouveau gouvernement taliban</item>
  <item>Le nouveau protocole sanitaire</item>
  <item>la célèbre charnière centrale</item>
  <item>de belles affiches électorales</item>
  <item>Le premier ministre britannique</item>
  <item>La nouvelle législation s’attaque</item>
  <item>d’un vaste réseau express</item>
  <item>le nouveau gouvernement taliban</item>
  <item>le premier ministre britannique</item>
  <item>Le triple champion olympique</item>
  <item>une quatrième vague meurtrière</item>
  <item>Ce nouveau contrôle technique</item>
  <item>le possible virage politique</item>
  <item>Une officine d’influence russe</item>
  <item>un relatif échec commercial</item>
  <item>Le surprenant virage d’Emmanuel</item>
  <item>la vieille relation d’amour-haine</item>
  <item>le premier titre mondial</item>
  <item>les XXXIIe Jeux olympiques</item>
  <item>cette grande ruine mystérieuse</item>
  <item>les XXXIIes Jeux olympiques</item>
  <item>la pire reprise épidémique</item>
  <item>Le gendarme boursier américain</item>
  <item>les XXXIIe Jeux olympiques</item>
  <item>une éventuelle obligation vaccinale</item>
  <item>la brusque décision américaine</item>
  <item>certains anciens talibans pakistanais</item>
  <item>le premier ministre israélien</item>
  <item>les grands centres commerciaux</item>
  <item>le premier ministre irlandais</item>
  <item>d’un nouveau délit passible</item>
  <item>le quatrième pays arabe</item>
  <item>la première ministre écossaise</item>
  <item>les rebelles houthistes d’en</item>
  <item>Un véritable cadeau empoisonné</item>
  <item>un nouveau projet éolien</item>
  <item>un nouvel observatoire national</item>
  <item>la seconde guerre mondiale</item>
  <item>la même version ultrarigoriste</item>
  <item>un premier cas local</item>
  <item>un nouveau cas suspect</item>
  <item>Le légendaire tennisman suisse</item>
  <item>la première région agricole</item>
  <item>un ancien château d’eau</item>
  <item>Le premier ministre éthiopien</item>
  <item>un axe d’approvisionnement vital</item>
  <item>de nouvelles poursuites judiciaires</item>
  <item>Le premier ministre conservateur</item>
  <item>la troisième médaille française</item>
  <item>le jeune suprémaciste américain</item>
  <item>toute première athlète française</item>
  <item>cette petite ville symbolique</item>
  <item>son nouveau régime disciplinaire</item>
  <item>la nouvelle chambre disciplinaire</item>
  <item>de nombreuses questions pratiques</item>
  <item>Les derniers chiffres sanitaires</item>
  <item>d’une nouvelle capitale provinciale</item>
  <item>une sixième médaille d’or</item>
  <item>le meilleur pavillon national</item>
  <item>une grave crise économique</item>
  <item>les premières personnalités politiques</item>
  <item>les XXXIIes Jeux olympiques</item>
  <item>les XXXIIes Jeux olympiques</item>
  <item>de nombreuses questions pratiques</item>
  <item>La deuxième puissance mondiale</item>
  <item>ses cinquièmes Jeux olympiques</item>
  <item>la première puissance militaire</item>
  <item>Illumina agace l’Union européenne</item>
  <item>La triple championne olympique</item>
  <item>une deuxième victoire consécutive</item>
  <item>les nouveaux aménagements censés</item>
  <item>Le nouveau contrôle technique</item>
  <item>d’une nouvelle algue toxique</item>
  <item>le QR code nécessaire</item>
  <item>ses premiers Jeux paralympiques</item>
  <item>les grands championnats européens</item>
  <item>d’une éternelle jeunesse sexuelle</item>
  <item>le premier ministre britannique</item>
  <item>un véritable défi logistique</item>
  <item>le nouvel ensemble issu</item>
  <item>le premier ministre britannique</item>
  <item>le futur président américain</item>
  <item>Le 46e président américain</item>
  <item>de prestigieuses écoles françaises</item>
  <item>une deuxième vague brutale</item>
  <item>une nouvelle chaîne espère</item>
  <item>les anciens étudiants boursiers</item>
  <item>les grands rendez-vous internationaux</item>
  <item>Le premier ministre indien</item>
  <item>les autres genres musicaux</item>
  <item>cette nouvelle relation amoureuse</item>
  <item>le grand salon annuel</item>
  <item>La nouvelle administration américaine</item>
  <item>le prochain candidat conservateur</item>
  <item>la première ascension hivernale</item>
  <item>la mass start d’Oberhof</item>
  <item>le relais mixte simple</item>
  <item>le quatrième constructeur automobile</item>
  <item>le nouveau Congrès américain</item>
  <item>Les nouvelles ambitions climatiques</item>
  <item>le premier ministre indien</item>
  <item>le grand chaos européen</item>
  <item>ma seule perspective positive</item>
  <item>le festival Etonnants voyageurs</item>
  <item>un nouveau contrat télévisuel</item>
  <item>le seul candidat écologiste</item>
  <item>Les onze millions d’habitants</item>
  <item>les grands patrons britanniques</item>
  <item>la vaste lignée sémantique</item>
  <item>aucun excès d’effets secondaires</item>
  <item>de récentes découvertes archéologiques</item>
  <item>une troisième victoire consécutive</item>
  <item>ses éternelles larges bretelles</item>
  <item>la deuxième victoire tricolore</item>
  <item>le premier ministre arménien</item>
  <item>Le double champion olympique</item>
  <item>le premier ministre israélien</item>
  <item>le premier employeur privé</item>
  <item>la période d’observation jusqu’en</item>
  <item>le premier ministre grec</item>
  <item>un possible financement libyen</item>
  <item>une violente tempête interne</item>
  <item>les autres candidats franciliens</item>
  <item>les villes arabes israéliennes</item>
  <item>la deuxième année consécutive</item>
  <item>le Grand Chelem parisien</item>
  <item>un jeune homme noir</item>
  <item>la première ministre danoise</item>
  <item>une certaine endogamie amicale</item>
  <item>les rares sondages disponibles</item>
  <item>la deuxième année consécutive</item>
  <item>de nombreux dispositifs nationaux</item>
  <item>les pires crises économiques</item>
  <item>le nouveau protocole sanitaire</item>
  <item>une petite ville britannique</item>
  <item>le meilleur smartphone haut</item>
  <item>une troisième étape nerveuse</item>
  <item>un quatrième élément offensif</item>
  <item>la première enquête d’un</item>
  <item>Une forte activité électrique</item>
  <item>la huitième structure locale</item>
  <item>d’une prochaine expertise psychiatrique</item>
  <item>la jeune femme djihadiste</item>
  <item>sa liste Rassemblement national</item>
  <item>ce jeune migrant afghan</item>
  <item>son quatrième titre mondial</item>
  <item>un jeune homme noir</item>
  <item>un premier cas humain</item>
  <item>les grandes causes régionales</item>
  <item>la seconde guerre mondiale</item>
  <item>un certain nombre d’actionnaires</item>
  <item>de nombreuses zones d’ombre</item>
  <item>les risques d’« amères</item>
  <item>son grand projet réformateur</item>
  <item>les autres énergies fossiles</item>
  <item>une large panoplie d’instruments</item>
  <item>les premières galettes d’hydrocarbures</item>
  <item>La première série française</item>
  <item>Les dernières données britanniques</item>
  <item>un nouveau front s’ouvre</item>
  <item>le principal parti unioniste</item>
  <item>une nouvelle génération dorée</item>
  <item>les anciens poids lourds</item>
  <item>une nouvelle espèce sœur</item>
  <item>Le nouveau train chinois</item>
  <item>les grandes confréries soufies</item>
  <item>d’une nouvelle attaque terroriste</item>
  <item>les nombreux groupes armés</item>
  <item>une vaste crise migratoire</item>
  <item>de nombreuses recrues potentielles</item>
  <item>d’un premier sommet historique</item>
  <item>les grands organismes internationaux</item>
  <item>la cible d’une infox</item>
  <item>Une nouvelle photo embarrassante</item>
  <item>le premier ministre britannique</item>
  <item>une chaîne d’information indépendante</item>
  <item>la chaîne d’information indépendante</item>
  <item>d’une nouvelle flambée épidémique</item>
  <item>Une nouvelle génération d’étudiants</item>
  <item>une deuxième capsule temporelle</item>
  <item>Une deuxième enquête préliminaire</item>
  <item>Le nouveau chancelier allemand</item>
  <item>une belle étape bleue</item>
  <item>une cinquième vague d’infox</item>
  <item>la deuxième personnalité masculine</item>
  <item>le premier ministre britannique</item>
  <item>une nouvelle liste noire</item>
  <item>Le premier objectif russe</item>
  <item>Les premières données expérimentales</item>
  <item>un premier débat présidentiel</item>
  <item>une nouvelle fermeture générale</item>
  <item>les principales nouveautés applicables</item>
  <item>le prochain scrutin national</item>
  <item>de nombreuses interventions chirurgicales</item>
  <item>une quatrième campagne vaccinale</item>
  <item>une vague d’« absentéisme</item>
  <item>quelques grands clubs européens</item>
  <item>le nouveau protocole national</item>
  <item>les centrales nucléaires françaises</item>
  <item>les jeunes filles mineures</item>
  <item>la seconde guerre mondiale</item>
  <item>une éventuelle candidature présidentielle</item>
  <item>la nouvelle délégation interministérielle</item>
  <item>la cinquième vague épidémique</item>
  <item>Le Musée d’art moderne</item>
  <item>la prochaine politique agricole</item>
  <item>d’une possible intervention militaire</item>
</pattern>